Workbook

Sheet 1
A1: customerID | B1: tenure | C1: Contract | D1: InternetService | E1: MonthlyCharges | F1: Churn
A2: 7590-VHVEG | B2: 1 | C2: Month-to-month | D2: DSL | E2: 29.85 | F2: No
A3: 5575-GNVDE | B3: 34 | C3: One year | D3: DSL | E3: 56.95 | F3: No
A4: 3668-QPYBK | B4: 2 | C4: Month-to-month | D4: DSL | E4: 53.85 | F4: Yes
A5: 7795-CFOCW | B5: 45 | C5: One year | D5: DSL | E5: 42.3 | F5: No | I5: No of customers having churn "Yes" | J5: =COUNTIF($F$2:$F$21,"Yes") -> 7
A6: 9237-HQPME | B6: 2 | C6: Month-to-month | D6: Fiber optic | E6: 70.7 | F6: Yes | I6: No of customers having churn "No" | J6: =COUNTIF($F$2:$F$22,"No") -> 13
A7: 9305-CDSKC | B7: 8 | C7: Month-to-month | D7: Fiber optic | E7: 99.65 | F7: Yes
A8: 1452-KJVVH | B8: 22 | C8: Month-to-month | D8: Fiber optic | E8: 89.1 | F8: No
A9: 6713-OKOMC | B9: 10 | C9: Month-to-month | D9: DSL | E9: 29.75 | F9: No
A10: 7892-POOKP | B10: 28 | C10: Month-to-month | D10: Fiber optic | E10: 104.8 | F10: Yes
A11: 6388-TABGU | B11: 62 | C11: One year | D11: DSL | E11: 56.15 | F11: No
A12: 9763-GRSKD | B12: 13 | C12: Month-to-month | D12: DSL | E12: 49.95 | F12: No
A13: 7469-LKBCI | B13: 16 | C13: Two year | D13: No | E13: 18.95 | F13: No
A14: 8091-TTWWE | B14: 58 | C14: One year | D14: Fiber optic | E14: 100.35 | F14: No
A15: 0280-XJGCK | B15: 49 | C15: Month-to-month | D15: Fiber optic | E15: 103.7 | F15: Yes
A16: 5129-JLPIS | B16: 25 | C16: Month-to-month | D16: Fiber optic | E16: 105.5 | F16: No
A17: 3655-SNBZZ | B17: 69 | C17: Two year | D17: Fiber optic | E17: 113.25 | F17: No
A18: 8191-XWSL3 | B18: 52 | C18: One year | D18: No | E18: 20.65 | F18: No
... A21: 4183-MYPFF | B21: 21 | C21: Month-to-month | D21: Fiber optic | E21: 96.05 | F21: Yes

Sheet 2
A1: customerID | B1: tenure | C1: Contract | D1: InternetService | E1: MonthlyCharges | F1: Churn
A2: 7590-VHVEG | B2: 1 | C2: Month-to-month | D2: DSL | E2: 29.85 | F2: No
A3: 5575-GNVDE | B3: 34 | C3: One year | D3: DSL | E3: 56.95 | F3: No
A4: 3668-QPYBK | B4: 2 | C4: Month-to-month | D4: DSL | E4: 53.85 | F4: Yes
A5: 7795-CFOCW | B5: 45 | C5: One year | D5: DSL | E5: 42.3 | F5: No
A6: 9237-HQPME | B6: 2 | C6: Month-to-month | D6: Fiber optic | E6: 70.7 | F6: Yes
A7: 9305-CDSKC | B7: 8 | C7: Month-to-month | D7: Fiber optic | E7: 99.65 | F7: Yes
A8: 1452-KJVVH | B8: 22 | C8: Month-to-month | D8: Fiber optic | E8: 89.1 | F8: No
A9: 6713-OKOMC | B9: 10 | C9: Month-to-month | D9: DSL | E9: 29.75 | F9: No
A10: 7892-POOKP | B10: 28 | C10: Month-to-month | D10: Fiber optic | E10: 104.8 | F10: Yes
A11: 6388-TABGU | B11: 62 | C11: One year | D11: DSL | E11: 56.15 | F11: No
A12: 9763-GRSKD | B12: 13 | C12: Month-to-month | D12: DSL | E12: 49.95 | F12: No
A13: 7469-LKBCI | B13: 16 | C13: Two year | D13: No | E13: 18.95 | F13: No
... A21: 4183-MYPFF | B21: 21 | C21: Month-to-month | D21: Fiber optic | E21: 96.05 | F21: Yes
A23: Row Labels | B23: Count of Churn
A24: Month-to-month | B24: 12
A25: One year | B25: 5
A26: Two year | B26: 3
A27: Grand Total | B27: 20

Sheet 3
A1: customerID | B1: tenure | C1: Contract | D1: InternetService | E1: MonthlyCharges | F1: Churn
A2: 7590-VHVEG | B2: 1 | C2: Month-to-month | D2: DSL | E2: 29.85 | F2: No | I2: Average Monthly Charges for churned customers "Yes" | J2: =AVERAGEIF($F$2:$F$21,"Yes",$E$2:$E$21) -> 83.421429
A3: 5575-GNVDE | B3: 34 | C3: One year | D3: DSL | E3: 56.95 | F3: No | I3: Average Monthly Charges for churned customers "No" | J3: =AVERAGEIF($F$2:$F$21,"No",$E$2:$E$21) -> 63.769231
A4: 3668-QPYBK | B4: 2 | C4: Month-to-month | D4: DSL | E4: 53.85 | F4: Yes
A5: 7795-CFOCW | B5: 45 | C5: One year | D5: DSL | E5: 42.3 | F5: No
A6: 9237-HQPME | B6: 2 | C6: Month-to-month | D6: Fiber optic | E6: 70.7 | F6: Yes
A7: 9305-CDSKC | B7: 8 | C7: Month-to-month | D7: Fiber optic | E7: 99.65 | F7: Yes
A8: 1452-KJVVH | B8: 22 | C8: Month-to-month | D8: Fiber optic | E8: 89.1 | F8: No
A9: 6713-OKOMC | B9: 10 | C9: Month-to-month | D9: DSL | E9: 29.75 | F9: No
A10: 7892-POOKP | B10: 28 | C10: Month-to-month | D10: Fiber optic | E10: 104.8 | F10: Yes
A11: 6388-TABGU | B11: 62 | C11: One year | D11: DSL | E11: 56.15 | F11: No
A12: 9763-GRSKD | B12: 13 | C12: Month-to-month | D12: DSL | E12: 49.95 | F12: No
A13: 7469-LKBCI | B13: 16 | C13: Two year | D13: No | E13: 18.95 | F13: No
A14: 8091-TTWWE | B14: 58 | C14: One year | D14: Fiber optic | E14: 100.35 | F14: No
A15: 0280-XJGCK | B15: 49 | C15: Month-to-month | D15: Fiber optic | E15: 103.7 | F15: Yes
... A21: 4183-MYPFF | B21: 21 | C21: Month-to-month | D21: Fiber optic | E21: 96.05 | F21: Yes

Sheet 4
A1: Count of customerID | B1: Column Labels
A2: Row Labels | B2: No | C2: Yes
A3: DSL | B3: 6 | C3: 2
A4: Fiber optic | B4: 5 | C4: 5
A5: No | B5: 2

Sheet 5
A1: tenure | B1: Churn
A2: 1 | B2: =IF('3'!F2="Yes",1,0) -> 0
A3: 34 | B3: =IF('3'!F3="Yes",1,0) -> 0
A4: 2 | B4: =IF('3'!F4="Yes",1,0) -> 1
A5: 45 | B5: =IF('3'!F5="Yes",1,0) -> 0
A6: 2 | B6: =IF('3'!F6="Yes",1,0) -> 1
A7: 8 | B7: =IF('3'!F7="Yes",1,0) -> 1
A8: 22 | B8: =IF('3'!F8="Yes",1,0) -> 0
A9: 10 | B9: =IF('3'!F9="Yes",1,0) -> 0
A10: 28 | B10: =IF('3'!F10="Yes",1,0) -> 1
A11: 62 | B11: =IF('3'!F11="Yes",1,0) -> 0 | D11: Correlation between tenure and churn | E11: =CORREL(A2:A21,B2:B21) -> -0.4095749
A12: 13 | B12: =IF('3'!F12="Yes",1,0) -> 0
A13: 16 | B13: =IF('3'!F13="Yes",1,0) -> 0
A14: 58 | B14: =IF('3'!F14="Yes",1,0) -> 0
A15: 49 | B15: =IF('3'!F15="Yes",1,0) -> 1
A16: 25 | B16: =IF('3'!F16="Yes",1,0) -> 0
A17: 69 | B17: =IF('3'!F17="Yes",1,0) -> 0
A18: 52 | B18: =IF('3'!F18="Yes",1,0) -> 0
A19: 71 | B19: =IF('3'!F19="Yes",1,0) -> 0
A20: 10 | B20: =IF('3'!F20="Yes",1,0) -> 1
A21: 21 | B21: =IF('3'!F21="Yes",1,0) -> 1
